{
  "metadata": {
    "timestamp": "20251119_065019",
    "task": "cycle",
    "model_type": "GIN",
    "base_dir": "data/synthetic_er_5000",
    "total_params": 34054,
    "device": "cuda"
  },
  "config": {
    "hidden_dim": 64,
    "num_layers": 4,
    "batch_size": 8,
    "learning_rate": 0.001,
    "max_epochs": 50,
    "k_pairs": null,
    "max_distance": null
  },
  "dataset": {
    "train_size": 3500,
    "valid_size": 750,
    "test_size": 750,
    "num_classes": 2,
    "num_features": 1
  },
  "training": {
    "total_time": 4.0008134841918945,
    "epochs_run": 1,
    "best_epoch": 1,
    "best_val_acc": 0.9986666666666667,
    "epoch_metrics": [
      {
        "epoch": 1,
        "train_loss": 0.07000989698716252,
        "train_acc": 0.9831428571428571,
        "val_loss": 0.004627686071703162,
        "val_acc": 0.9986666666666667,
        "epoch_time": 4.000792503356934
      }
    ]
  },
  "final_results": {
    "train": {
      "loss": 0.008825024447469852,
      "accuracy": 0.9965714285714286
    },
    "valid": {
      "loss": 0.004627686071703162,
      "accuracy": 0.9986666666666667
    },
    "test": {
      "loss": 0.004916090531444449,
      "accuracy": 1.0
    }
  },
  "analysis": {
    "train_val_gap": -0.00209523809523815,
    "train_test_gap": -0.0034285714285714475,
    "val_test_gap": -0.0013333333333332975,
    "overfitting_detected": false,
    "moderate_overfitting": false,
    "good_generalization": true
  }
}